email_content,request_type,sub_request_type
Adjustment needed for ACC9390 as per the latest update.,ADJUSTMENT,None
Please process an adjustment for the account ACC5505.,ADJUSTMENT,None
We request an adjustment due to recent changes in ACC3355.,ADJUSTMENT,None
Adjustment needed for ACC9315 as per the latest update.,ADJUSTMENT,None
Please process an adjustment for the account ACC7635.,ADJUSTMENT,None
Please process an adjustment for the account ACC5658.,ADJUSTMENT,None
Please process an adjustment for the account ACC9158.,ADJUSTMENT,None
Please process an adjustment for the account ACC4545.,ADJUSTMENT,None
Please process an adjustment for the account ACC3277.,ADJUSTMENT,None
Please process an adjustment for the account ACC7474.,ADJUSTMENT,None
Adjustment needed for ACC8754 as per the latest update.,ADJUSTMENT,None
We request an adjustment due to recent changes in ACC2775.,ADJUSTMENT,None
Adjustment needed for ACC2296 as per the latest update.,ADJUSTMENT,None
Please process an adjustment for the account ACC9153.,ADJUSTMENT,None
Adjustment needed for ACC8630 as per the latest update.,ADJUSTMENT,None
We request an adjustment due to recent changes in ACC3133.,ADJUSTMENT,None
We request an adjustment due to recent changes in ACC9327.,ADJUSTMENT,None
Adjustment needed for ACC3890 as per the latest update.,ADJUSTMENT,None
Please process an adjustment for the account ACC1388.,ADJUSTMENT,None
We request an adjustment due to recent changes in ACC8685.,ADJUSTMENT,None
Adjustment needed for ACC2474 as per the latest update.,ADJUSTMENT,None
Please process an adjustment for the account ACC7338.,ADJUSTMENT,None
Please process an adjustment for the account ACC4021.,ADJUSTMENT,None
Please process an adjustment for the account ACC1894.,ADJUSTMENT,None
We request an adjustment due to recent changes in ACC5923.,ADJUSTMENT,None
Adjustment needed for ACC1055 as per the latest update.,ADJUSTMENT,None
We request an adjustment due to recent changes in ACC9758.,ADJUSTMENT,None
Adjustment needed for ACC4382 as per the latest update.,ADJUSTMENT,None
Please process an adjustment for the account ACC9075.,ADJUSTMENT,None
Please process an adjustment for the account ACC2377.,ADJUSTMENT,None
Adjustment needed for ACC5287 as per the latest update.,ADJUSTMENT,None
We request an adjustment due to recent changes in ACC9752.,ADJUSTMENT,None
Adjustment needed for ACC6412 as per the latest update.,ADJUSTMENT,None
Adjustment needed for ACC2368 as per the latest update.,ADJUSTMENT,None
Adjustment needed for ACC6526 as per the latest update.,ADJUSTMENT,None
Please process an adjustment for the account ACC2196.,ADJUSTMENT,None
Please process an adjustment for the account ACC8610.,ADJUSTMENT,None
Please process an adjustment for the account ACC8327.,ADJUSTMENT,None
Please process an adjustment for the account ACC2674.,ADJUSTMENT,None
We request an adjustment due to recent changes in ACC1292.,ADJUSTMENT,None
Initiate an AU transfer for ACC9640 to the new account.,AU TRANSFER,None
We need an AU transfer for ACC3663 effective immediately.,AU TRANSFER,None
We need an AU transfer for ACC8300 effective immediately.,AU TRANSFER,None
Initiate an AU transfer for ACC8962 to the new account.,AU TRANSFER,None
Please handle the AU transfer for ACC7812 this week.,AU TRANSFER,None
Please handle the AU transfer for ACC6120 this week.,AU TRANSFER,None
Please handle the AU transfer for ACC2665 this week.,AU TRANSFER,None
Please handle the AU transfer for ACC8118 this week.,AU TRANSFER,None
Initiate an AU transfer for ACC2783 to the new account.,AU TRANSFER,None
Please handle the AU transfer for ACC9827 this week.,AU TRANSFER,None
Please handle the AU transfer for ACC9755 this week.,AU TRANSFER,None
Please handle the AU transfer for ACC3150 this week.,AU TRANSFER,None
Please handle the AU transfer for ACC4660 this week.,AU TRANSFER,None
We need an AU transfer for ACC1856 effective immediately.,AU TRANSFER,None
Please handle the AU transfer for ACC6864 this week.,AU TRANSFER,None
Please handle the AU transfer for ACC8744 this week.,AU TRANSFER,None
Please handle the AU transfer for ACC8940 this week.,AU TRANSFER,None
Please handle the AU transfer for ACC9566 this week.,AU TRANSFER,None
Please handle the AU transfer for ACC9172 this week.,AU TRANSFER,None
Initiate an AU transfer for ACC4266 to the new account.,AU TRANSFER,None
Please handle the AU transfer for ACC3433 this week.,AU TRANSFER,None
Initiate an AU transfer for ACC9608 to the new account.,AU TRANSFER,None
We need an AU transfer for ACC8834 effective immediately.,AU TRANSFER,None
Please handle the AU transfer for ACC3056 this week.,AU TRANSFER,None
We need an AU transfer for ACC2456 effective immediately.,AU TRANSFER,None
We need an AU transfer for ACC6154 effective immediately.,AU TRANSFER,None
Please handle the AU transfer for ACC4233 this week.,AU TRANSFER,None
We need an AU transfer for ACC3448 effective immediately.,AU TRANSFER,None
Please handle the AU transfer for ACC1288 this week.,AU TRANSFER,None
Initiate an AU transfer for ACC6284 to the new account.,AU TRANSFER,None
Initiate an AU transfer for ACC2940 to the new account.,AU TRANSFER,None
Please handle the AU transfer for ACC1941 this week.,AU TRANSFER,None
We need an AU transfer for ACC6332 effective immediately.,AU TRANSFER,None
Please handle the AU transfer for ACC4995 this week.,AU TRANSFER,None
We need an AU transfer for ACC1845 effective immediately.,AU TRANSFER,None
Please handle the AU transfer for ACC1226 this week.,AU TRANSFER,None
We need an AU transfer for ACC5811 effective immediately.,AU TRANSFER,None
We need an AU transfer for ACC5810 effective immediately.,AU TRANSFER,None
Initiate an AU transfer for ACC7196 to the new account.,AU TRANSFER,None
Please handle the AU transfer for ACC4976 this week.,AU TRANSFER,None
This is a closing notice regarding reallocation fees for ACC2817.,CLOSING NOTICE,REALLOCATION FEES
This is a closing notice regarding reallocation fees for ACC7061.,CLOSING NOTICE,REALLOCATION FEES
Please note the closing notice for reallocation fees on ACC7597.,CLOSING NOTICE,REALLOCATION FEES
Closing notice: reallocation fees are due for ACC3192.,CLOSING NOTICE,REALLOCATION FEES
This is a closing notice regarding reallocation fees for ACC9403.,CLOSING NOTICE,REALLOCATION FEES
This is a closing notice regarding reallocation fees for ACC3716.,CLOSING NOTICE,REALLOCATION FEES
Closing notice: reallocation fees are due for ACC2746.,CLOSING NOTICE,REALLOCATION FEES
Closing notice: reallocation fees are due for ACC7816.,CLOSING NOTICE,REALLOCATION FEES
Please note the closing notice for reallocation fees on ACC5904.,CLOSING NOTICE,REALLOCATION FEES
Closing notice: reallocation fees are due for ACC2006.,CLOSING NOTICE,REALLOCATION FEES
Closing notice: reallocation fees are due for ACC6202.,CLOSING NOTICE,REALLOCATION FEES
This is a closing notice regarding reallocation fees for ACC4677.,CLOSING NOTICE,REALLOCATION FEES
This is a closing notice regarding reallocation fees for ACC5123.,CLOSING NOTICE,REALLOCATION FEES
This is a closing notice regarding reallocation fees for ACC9886.,CLOSING NOTICE,REALLOCATION FEES
This is a closing notice regarding reallocation fees for ACC6268.,CLOSING NOTICE,REALLOCATION FEES
Please note the closing notice for reallocation fees on ACC4258.,CLOSING NOTICE,REALLOCATION FEES
This is a closing notice regarding reallocation fees for ACC4981.,CLOSING NOTICE,REALLOCATION FEES
Closing notice: reallocation fees are due for ACC4942.,CLOSING NOTICE,REALLOCATION FEES
Please note the closing notice for reallocation fees on ACC2146.,CLOSING NOTICE,REALLOCATION FEES
Closing notice: reallocation fees are due for ACC1200.,CLOSING NOTICE,REALLOCATION FEES
Closing notice: reallocation fees are due for ACC1261.,CLOSING NOTICE,REALLOCATION FEES
This is a closing notice regarding reallocation fees for ACC1295.,CLOSING NOTICE,REALLOCATION FEES
Please note the closing notice for reallocation fees on ACC6900.,CLOSING NOTICE,REALLOCATION FEES
Closing notice: reallocation fees are due for ACC1372.,CLOSING NOTICE,REALLOCATION FEES
Please note the closing notice for reallocation fees on ACC9402.,CLOSING NOTICE,REALLOCATION FEES
Closing notice: reallocation fees are due for ACC7292.,CLOSING NOTICE,REALLOCATION FEES
Closing notice: reallocation fees are due for ACC4045.,CLOSING NOTICE,REALLOCATION FEES
Please note the closing notice for reallocation fees on ACC3694.,CLOSING NOTICE,REALLOCATION FEES
Closing notice: reallocation fees are due for ACC1959.,CLOSING NOTICE,REALLOCATION FEES
This is a closing notice regarding reallocation fees for ACC7175.,CLOSING NOTICE,REALLOCATION FEES
Closing notice: reallocation fees are due for ACC9391.,CLOSING NOTICE,REALLOCATION FEES
Please note the closing notice for reallocation fees on ACC4124.,CLOSING NOTICE,REALLOCATION FEES
Please note the closing notice for reallocation fees on ACC4083.,CLOSING NOTICE,REALLOCATION FEES
Closing notice: reallocation fees are due for ACC1429.,CLOSING NOTICE,REALLOCATION FEES
Please note the closing notice for reallocation fees on ACC4584.,CLOSING NOTICE,REALLOCATION FEES
Closing notice: reallocation fees are due for ACC1576.,CLOSING NOTICE,REALLOCATION FEES
This is a closing notice regarding reallocation fees for ACC3420.,CLOSING NOTICE,REALLOCATION FEES
Please note the closing notice for reallocation fees on ACC6835.,CLOSING NOTICE,REALLOCATION FEES
Closing notice: reallocation fees are due for ACC7225.,CLOSING NOTICE,REALLOCATION FEES
This is a closing notice regarding reallocation fees for ACC7321.,CLOSING NOTICE,REALLOCATION FEES
This email serves as a closing notice for amendment fees on ACC1475.,CLOSING NOTICE,AMENDMENT FEES
This email serves as a closing notice for amendment fees on ACC3217.,CLOSING NOTICE,AMENDMENT FEES
Closing notice for amendment fees related to ACC5656.,CLOSING NOTICE,AMENDMENT FEES
This email serves as a closing notice for amendment fees on ACC8991.,CLOSING NOTICE,AMENDMENT FEES
Closing notice for amendment fees related to ACC7042.,CLOSING NOTICE,AMENDMENT FEES
Closing notice: amendment fees are applicable for ACC1314.,CLOSING NOTICE,AMENDMENT FEES
This email serves as a closing notice for amendment fees on ACC3182.,CLOSING NOTICE,AMENDMENT FEES
This email serves as a closing notice for amendment fees on ACC1460.,CLOSING NOTICE,AMENDMENT FEES
This email serves as a closing notice for amendment fees on ACC7466.,CLOSING NOTICE,AMENDMENT FEES
Closing notice for amendment fees related to ACC1674.,CLOSING NOTICE,AMENDMENT FEES
This email serves as a closing notice for amendment fees on ACC9560.,CLOSING NOTICE,AMENDMENT FEES
Closing notice: amendment fees are applicable for ACC2817.,CLOSING NOTICE,AMENDMENT FEES
Closing notice: amendment fees are applicable for ACC8500.,CLOSING NOTICE,AMENDMENT FEES
Closing notice for amendment fees related to ACC2733.,CLOSING NOTICE,AMENDMENT FEES
This email serves as a closing notice for amendment fees on ACC9411.,CLOSING NOTICE,AMENDMENT FEES
Closing notice: amendment fees are applicable for ACC2325.,CLOSING NOTICE,AMENDMENT FEES
This email serves as a closing notice for amendment fees on ACC7673.,CLOSING NOTICE,AMENDMENT FEES
This email serves as a closing notice for amendment fees on ACC6931.,CLOSING NOTICE,AMENDMENT FEES
Closing notice for amendment fees related to ACC5618.,CLOSING NOTICE,AMENDMENT FEES
This email serves as a closing notice for amendment fees on ACC7247.,CLOSING NOTICE,AMENDMENT FEES
This email serves as a closing notice for amendment fees on ACC3788.,CLOSING NOTICE,AMENDMENT FEES
Closing notice: amendment fees are applicable for ACC4105.,CLOSING NOTICE,AMENDMENT FEES
Closing notice for amendment fees related to ACC3398.,CLOSING NOTICE,AMENDMENT FEES
Closing notice: amendment fees are applicable for ACC9997.,CLOSING NOTICE,AMENDMENT FEES
Closing notice: amendment fees are applicable for ACC3047.,CLOSING NOTICE,AMENDMENT FEES
Closing notice: amendment fees are applicable for ACC8856.,CLOSING NOTICE,AMENDMENT FEES
This email serves as a closing notice for amendment fees on ACC9341.,CLOSING NOTICE,AMENDMENT FEES
This email serves as a closing notice for amendment fees on ACC7083.,CLOSING NOTICE,AMENDMENT FEES
Closing notice for amendment fees related to ACC6515.,CLOSING NOTICE,AMENDMENT FEES
This email serves as a closing notice for amendment fees on ACC2264.,CLOSING NOTICE,AMENDMENT FEES
This email serves as a closing notice for amendment fees on ACC3198.,CLOSING NOTICE,AMENDMENT FEES
This email serves as a closing notice for amendment fees on ACC1460.,CLOSING NOTICE,AMENDMENT FEES
Closing notice for amendment fees related to ACC5085.,CLOSING NOTICE,AMENDMENT FEES
This email serves as a closing notice for amendment fees on ACC2316.,CLOSING NOTICE,AMENDMENT FEES
Closing notice: amendment fees are applicable for ACC9165.,CLOSING NOTICE,AMENDMENT FEES
This email serves as a closing notice for amendment fees on ACC6057.,CLOSING NOTICE,AMENDMENT FEES
Closing notice: amendment fees are applicable for ACC4804.,CLOSING NOTICE,AMENDMENT FEES
Closing notice for amendment fees related to ACC9439.,CLOSING NOTICE,AMENDMENT FEES
This email serves as a closing notice for amendment fees on ACC1213.,CLOSING NOTICE,AMENDMENT FEES
This email serves as a closing notice for amendment fees on ACC1455.,CLOSING NOTICE,AMENDMENT FEES
This is a closing notice regarding the reallocation principal for ACC3784.,CLOSING NOTICE,REALLOCATION PRINCIPAL
Please process the closing notice for reallocation principal of ACC8404.,CLOSING NOTICE,REALLOCATION PRINCIPAL
Closing notice for reallocation principal on ACC5627.,CLOSING NOTICE,REALLOCATION PRINCIPAL
Closing notice for reallocation principal on ACC8440.,CLOSING NOTICE,REALLOCATION PRINCIPAL
Please process the closing notice for reallocation principal of ACC9615.,CLOSING NOTICE,REALLOCATION PRINCIPAL
Closing notice for reallocation principal on ACC7529.,CLOSING NOTICE,REALLOCATION PRINCIPAL
This is a closing notice regarding the reallocation principal for ACC1103.,CLOSING NOTICE,REALLOCATION PRINCIPAL
Please process the closing notice for reallocation principal of ACC5173.,CLOSING NOTICE,REALLOCATION PRINCIPAL
This is a closing notice regarding the reallocation principal for ACC1785.,CLOSING NOTICE,REALLOCATION PRINCIPAL
This is a closing notice regarding the reallocation principal for ACC2345.,CLOSING NOTICE,REALLOCATION PRINCIPAL
Please process the closing notice for reallocation principal of ACC2077.,CLOSING NOTICE,REALLOCATION PRINCIPAL
Please process the closing notice for reallocation principal of ACC4998.,CLOSING NOTICE,REALLOCATION PRINCIPAL
This is a closing notice regarding the reallocation principal for ACC4265.,CLOSING NOTICE,REALLOCATION PRINCIPAL
This is a closing notice regarding the reallocation principal for ACC4930.,CLOSING NOTICE,REALLOCATION PRINCIPAL
Please process the closing notice for reallocation principal of ACC6311.,CLOSING NOTICE,REALLOCATION PRINCIPAL
Please process the closing notice for reallocation principal of ACC4093.,CLOSING NOTICE,REALLOCATION PRINCIPAL
This is a closing notice regarding the reallocation principal for ACC8700.,CLOSING NOTICE,REALLOCATION PRINCIPAL
Please process the closing notice for reallocation principal of ACC7268.,CLOSING NOTICE,REALLOCATION PRINCIPAL
Please process the closing notice for reallocation principal of ACC4739.,CLOSING NOTICE,REALLOCATION PRINCIPAL
This is a closing notice regarding the reallocation principal for ACC8251.,CLOSING NOTICE,REALLOCATION PRINCIPAL
Please process the closing notice for reallocation principal of ACC9867.,CLOSING NOTICE,REALLOCATION PRINCIPAL
Please process the closing notice for reallocation principal of ACC8435.,CLOSING NOTICE,REALLOCATION PRINCIPAL
Closing notice for reallocation principal on ACC5973.,CLOSING NOTICE,REALLOCATION PRINCIPAL
This is a closing notice regarding the reallocation principal for ACC5766.,CLOSING NOTICE,REALLOCATION PRINCIPAL
This is a closing notice regarding the reallocation principal for ACC5612.,CLOSING NOTICE,REALLOCATION PRINCIPAL
Please process the closing notice for reallocation principal of ACC2984.,CLOSING NOTICE,REALLOCATION PRINCIPAL
Please process the closing notice for reallocation principal of ACC4435.,CLOSING NOTICE,REALLOCATION PRINCIPAL
Please process the closing notice for reallocation principal of ACC5513.,CLOSING NOTICE,REALLOCATION PRINCIPAL
Please process the closing notice for reallocation principal of ACC8221.,CLOSING NOTICE,REALLOCATION PRINCIPAL
This is a closing notice regarding the reallocation principal for ACC8896.,CLOSING NOTICE,REALLOCATION PRINCIPAL
Closing notice for reallocation principal on ACC3068.,CLOSING NOTICE,REALLOCATION PRINCIPAL
This is a closing notice regarding the reallocation principal for ACC4717.,CLOSING NOTICE,REALLOCATION PRINCIPAL
This is a closing notice regarding the reallocation principal for ACC8248.,CLOSING NOTICE,REALLOCATION PRINCIPAL
This is a closing notice regarding the reallocation principal for ACC9152.,CLOSING NOTICE,REALLOCATION PRINCIPAL
Please process the closing notice for reallocation principal of ACC9704.,CLOSING NOTICE,REALLOCATION PRINCIPAL
This is a closing notice regarding the reallocation principal for ACC8238.,CLOSING NOTICE,REALLOCATION PRINCIPAL
This is a closing notice regarding the reallocation principal for ACC4572.,CLOSING NOTICE,REALLOCATION PRINCIPAL
Closing notice for reallocation principal on ACC3241.,CLOSING NOTICE,REALLOCATION PRINCIPAL
Please process the closing notice for reallocation principal of ACC3359.,CLOSING NOTICE,REALLOCATION PRINCIPAL
Closing notice for reallocation principal on ACC1949.,CLOSING NOTICE,REALLOCATION PRINCIPAL
This email is a closing notice for the cashless roll of ACC9318.,CLOSING NOTICE,CASHLESS ROLL
This email is a closing notice for the cashless roll of ACC2299.,CLOSING NOTICE,CASHLESS ROLL
Closing notice: cashless roll is scheduled for ACC2514.,CLOSING NOTICE,CASHLESS ROLL
Closing notice: cashless roll is scheduled for ACC5347.,CLOSING NOTICE,CASHLESS ROLL
Closing notice for a cashless roll on ACC9288.,CLOSING NOTICE,CASHLESS ROLL
This email is a closing notice for the cashless roll of ACC1066.,CLOSING NOTICE,CASHLESS ROLL
This email is a closing notice for the cashless roll of ACC6380.,CLOSING NOTICE,CASHLESS ROLL
Closing notice for a cashless roll on ACC3872.,CLOSING NOTICE,CASHLESS ROLL
Closing notice for a cashless roll on ACC7136.,CLOSING NOTICE,CASHLESS ROLL
This email is a closing notice for the cashless roll of ACC3071.,CLOSING NOTICE,CASHLESS ROLL
Closing notice: cashless roll is scheduled for ACC3324.,CLOSING NOTICE,CASHLESS ROLL
This email is a closing notice for the cashless roll of ACC7646.,CLOSING NOTICE,CASHLESS ROLL
This email is a closing notice for the cashless roll of ACC7126.,CLOSING NOTICE,CASHLESS ROLL
Closing notice for a cashless roll on ACC3886.,CLOSING NOTICE,CASHLESS ROLL
Closing notice for a cashless roll on ACC7333.,CLOSING NOTICE,CASHLESS ROLL
Closing notice: cashless roll is scheduled for ACC5117.,CLOSING NOTICE,CASHLESS ROLL
Closing notice for a cashless roll on ACC1387.,CLOSING NOTICE,CASHLESS ROLL
Closing notice for a cashless roll on ACC2517.,CLOSING NOTICE,CASHLESS ROLL
This email is a closing notice for the cashless roll of ACC4349.,CLOSING NOTICE,CASHLESS ROLL
Closing notice: cashless roll is scheduled for ACC6041.,CLOSING NOTICE,CASHLESS ROLL
This email is a closing notice for the cashless roll of ACC9939.,CLOSING NOTICE,CASHLESS ROLL
Closing notice: cashless roll is scheduled for ACC2138.,CLOSING NOTICE,CASHLESS ROLL
This email is a closing notice for the cashless roll of ACC1094.,CLOSING NOTICE,CASHLESS ROLL
Closing notice for a cashless roll on ACC8847.,CLOSING NOTICE,CASHLESS ROLL
Closing notice for a cashless roll on ACC9050.,CLOSING NOTICE,CASHLESS ROLL
Closing notice for a cashless roll on ACC3430.,CLOSING NOTICE,CASHLESS ROLL
Closing notice: cashless roll is scheduled for ACC2677.,CLOSING NOTICE,CASHLESS ROLL
Closing notice for a cashless roll on ACC5926.,CLOSING NOTICE,CASHLESS ROLL
Closing notice: cashless roll is scheduled for ACC1837.,CLOSING NOTICE,CASHLESS ROLL
Closing notice: cashless roll is scheduled for ACC2410.,CLOSING NOTICE,CASHLESS ROLL
Closing notice for a cashless roll on ACC6719.,CLOSING NOTICE,CASHLESS ROLL
Closing notice for a cashless roll on ACC2067.,CLOSING NOTICE,CASHLESS ROLL
This email is a closing notice for the cashless roll of ACC9361.,CLOSING NOTICE,CASHLESS ROLL
Closing notice for a cashless roll on ACC3732.,CLOSING NOTICE,CASHLESS ROLL
Closing notice for a cashless roll on ACC8995.,CLOSING NOTICE,CASHLESS ROLL
This email is a closing notice for the cashless roll of ACC8296.,CLOSING NOTICE,CASHLESS ROLL
Closing notice: cashless roll is scheduled for ACC3458.,CLOSING NOTICE,CASHLESS ROLL
Closing notice for a cashless roll on ACC6219.,CLOSING NOTICE,CASHLESS ROLL
Closing notice: cashless roll is scheduled for ACC8572.,CLOSING NOTICE,CASHLESS ROLL
This email is a closing notice for the cashless roll of ACC4511.,CLOSING NOTICE,CASHLESS ROLL
Closing notice for a decrease in ACC4372.,CLOSING NOTICE,DECREASE
Please note the closing notice for the decrease on ACC5424.,CLOSING NOTICE,DECREASE
Closing notice for a decrease in ACC4745.,CLOSING NOTICE,DECREASE
Closing notice for a decrease in ACC4639.,CLOSING NOTICE,DECREASE
Please note the closing notice for the decrease on ACC5885.,CLOSING NOTICE,DECREASE
Closing notice for a decrease in ACC4682.,CLOSING NOTICE,DECREASE
Closing notice for a decrease in ACC3839.,CLOSING NOTICE,DECREASE
This is a closing notice regarding the decrease for ACC3399.,CLOSING NOTICE,DECREASE
Closing notice for a decrease in ACC4121.,CLOSING NOTICE,DECREASE
Closing notice for a decrease in ACC9590.,CLOSING NOTICE,DECREASE
Closing notice for a decrease in ACC7934.,CLOSING NOTICE,DECREASE
Closing notice for a decrease in ACC6478.,CLOSING NOTICE,DECREASE
Please note the closing notice for the decrease on ACC8903.,CLOSING NOTICE,DECREASE
This is a closing notice regarding the decrease for ACC2521.,CLOSING NOTICE,DECREASE
This is a closing notice regarding the decrease for ACC9233.,CLOSING NOTICE,DECREASE
Closing notice for a decrease in ACC3413.,CLOSING NOTICE,DECREASE
Please note the closing notice for the decrease on ACC8011.,CLOSING NOTICE,DECREASE
Closing notice for a decrease in ACC3226.,CLOSING NOTICE,DECREASE
Please note the closing notice for the decrease on ACC2672.,CLOSING NOTICE,DECREASE
Closing notice for a decrease in ACC1220.,CLOSING NOTICE,DECREASE
This is a closing notice regarding the decrease for ACC2499.,CLOSING NOTICE,DECREASE
This is a closing notice regarding the decrease for ACC2530.,CLOSING NOTICE,DECREASE
This is a closing notice regarding the decrease for ACC6897.,CLOSING NOTICE,DECREASE
Closing notice for a decrease in ACC3761.,CLOSING NOTICE,DECREASE
This is a closing notice regarding the decrease for ACC4962.,CLOSING NOTICE,DECREASE
Closing notice for a decrease in ACC2069.,CLOSING NOTICE,DECREASE
Closing notice for a decrease in ACC2017.,CLOSING NOTICE,DECREASE
Closing notice for a decrease in ACC3118.,CLOSING NOTICE,DECREASE
Please note the closing notice for the decrease on ACC2219.,CLOSING NOTICE,DECREASE
Closing notice for a decrease in ACC4608.,CLOSING NOTICE,DECREASE
Please note the closing notice for the decrease on ACC9298.,CLOSING NOTICE,DECREASE
Please note the closing notice for the decrease on ACC2316.,CLOSING NOTICE,DECREASE
This is a closing notice regarding the decrease for ACC5660.,CLOSING NOTICE,DECREASE
This is a closing notice regarding the decrease for ACC3196.,CLOSING NOTICE,DECREASE
This is a closing notice regarding the decrease for ACC8135.,CLOSING NOTICE,DECREASE
This is a closing notice regarding the decrease for ACC8563.,CLOSING NOTICE,DECREASE
Closing notice for a decrease in ACC8637.,CLOSING NOTICE,DECREASE
This is a closing notice regarding the decrease for ACC9502.,CLOSING NOTICE,DECREASE
Please note the closing notice for the decrease on ACC8683.,CLOSING NOTICE,DECREASE
Closing notice for a decrease in ACC9737.,CLOSING NOTICE,DECREASE
Requesting a commitment change to increase the limit for ACC5236.,COMMITMENT CHANGE,INCREASE
We need a commitment change to increase the amount for ACC1449.,COMMITMENT CHANGE,INCREASE
Requesting a commitment change to increase the limit for ACC7767.,COMMITMENT CHANGE,INCREASE
Commitment change: please increase the commitment for ACC5016.,COMMITMENT CHANGE,INCREASE
Commitment change: please increase the commitment for ACC7865.,COMMITMENT CHANGE,INCREASE
Requesting a commitment change to increase the limit for ACC7414.,COMMITMENT CHANGE,INCREASE
Commitment change: please increase the commitment for ACC5271.,COMMITMENT CHANGE,INCREASE
Requesting a commitment change to increase the limit for ACC7078.,COMMITMENT CHANGE,INCREASE
Commitment change: please increase the commitment for ACC2372.,COMMITMENT CHANGE,INCREASE
We need a commitment change to increase the amount for ACC4726.,COMMITMENT CHANGE,INCREASE
We need a commitment change to increase the amount for ACC9790.,COMMITMENT CHANGE,INCREASE
We need a commitment change to increase the amount for ACC7089.,COMMITMENT CHANGE,INCREASE
Commitment change: please increase the commitment for ACC3251.,COMMITMENT CHANGE,INCREASE
Commitment change: please increase the commitment for ACC3420.,COMMITMENT CHANGE,INCREASE
We need a commitment change to increase the amount for ACC7329.,COMMITMENT CHANGE,INCREASE
We need a commitment change to increase the amount for ACC8436.,COMMITMENT CHANGE,INCREASE
Commitment change: please increase the commitment for ACC5662.,COMMITMENT CHANGE,INCREASE
Requesting a commitment change to increase the limit for ACC6993.,COMMITMENT CHANGE,INCREASE
Commitment change: please increase the commitment for ACC7801.,COMMITMENT CHANGE,INCREASE
Requesting a commitment change to increase the limit for ACC5352.,COMMITMENT CHANGE,INCREASE
Requesting a commitment change to increase the limit for ACC6992.,COMMITMENT CHANGE,INCREASE
We need a commitment change to increase the amount for ACC7877.,COMMITMENT CHANGE,INCREASE
Requesting a commitment change to increase the limit for ACC9184.,COMMITMENT CHANGE,INCREASE
We need a commitment change to increase the amount for ACC3057.,COMMITMENT CHANGE,INCREASE
Commitment change: please increase the commitment for ACC8477.,COMMITMENT CHANGE,INCREASE
Requesting a commitment change to increase the limit for ACC6530.,COMMITMENT CHANGE,INCREASE
We need a commitment change to increase the amount for ACC1543.,COMMITMENT CHANGE,INCREASE
Requesting a commitment change to increase the limit for ACC9217.,COMMITMENT CHANGE,INCREASE
We need a commitment change to increase the amount for ACC8767.,COMMITMENT CHANGE,INCREASE
Commitment change: please increase the commitment for ACC2798.,COMMITMENT CHANGE,INCREASE
Commitment change: please increase the commitment for ACC2252.,COMMITMENT CHANGE,INCREASE
Commitment change: please increase the commitment for ACC6742.,COMMITMENT CHANGE,INCREASE
Requesting a commitment change to increase the limit for ACC3298.,COMMITMENT CHANGE,INCREASE
Requesting a commitment change to increase the limit for ACC6131.,COMMITMENT CHANGE,INCREASE
We need a commitment change to increase the amount for ACC3385.,COMMITMENT CHANGE,INCREASE
Requesting a commitment change to increase the limit for ACC7534.,COMMITMENT CHANGE,INCREASE
Commitment change: please increase the commitment for ACC8263.,COMMITMENT CHANGE,INCREASE
We need a commitment change to increase the amount for ACC1663.,COMMITMENT CHANGE,INCREASE
Requesting a commitment change to increase the limit for ACC9145.,COMMITMENT CHANGE,INCREASE
We need a commitment change to increase the amount for ACC9245.,COMMITMENT CHANGE,INCREASE
Commitment change for an ongoing fee on ACC7474.,COMMITMENT CHANGE,ONGOING FEE
Please process a commitment change for the ongoing fee of ACC5314.,COMMITMENT CHANGE,ONGOING FEE
Please process a commitment change for the ongoing fee of ACC7881.,COMMITMENT CHANGE,ONGOING FEE
Commitment change: ongoing fee adjustment for ACC4533.,COMMITMENT CHANGE,ONGOING FEE
Commitment change: ongoing fee adjustment for ACC2022.,COMMITMENT CHANGE,ONGOING FEE
Commitment change: ongoing fee adjustment for ACC3927.,COMMITMENT CHANGE,ONGOING FEE
Please process a commitment change for the ongoing fee of ACC5183.,COMMITMENT CHANGE,ONGOING FEE
Commitment change for an ongoing fee on ACC3482.,COMMITMENT CHANGE,ONGOING FEE
Please process a commitment change for the ongoing fee of ACC3507.,COMMITMENT CHANGE,ONGOING FEE
Please process a commitment change for the ongoing fee of ACC6167.,COMMITMENT CHANGE,ONGOING FEE
Commitment change for an ongoing fee on ACC4097.,COMMITMENT CHANGE,ONGOING FEE
Please process a commitment change for the ongoing fee of ACC3862.,COMMITMENT CHANGE,ONGOING FEE
Commitment change for an ongoing fee on ACC5129.,COMMITMENT CHANGE,ONGOING FEE
Commitment change for an ongoing fee on ACC1368.,COMMITMENT CHANGE,ONGOING FEE
Commitment change: ongoing fee adjustment for ACC8207.,COMMITMENT CHANGE,ONGOING FEE
Commitment change for an ongoing fee on ACC8142.,COMMITMENT CHANGE,ONGOING FEE
Commitment change: ongoing fee adjustment for ACC3024.,COMMITMENT CHANGE,ONGOING FEE
Please process a commitment change for the ongoing fee of ACC3575.,COMMITMENT CHANGE,ONGOING FEE
Commitment change for an ongoing fee on ACC2189.,COMMITMENT CHANGE,ONGOING FEE
Commitment change for an ongoing fee on ACC6168.,COMMITMENT CHANGE,ONGOING FEE
Commitment change: ongoing fee adjustment for ACC8147.,COMMITMENT CHANGE,ONGOING FEE
Commitment change for an ongoing fee on ACC9424.,COMMITMENT CHANGE,ONGOING FEE
Commitment change: ongoing fee adjustment for ACC8182.,COMMITMENT CHANGE,ONGOING FEE
Please process a commitment change for the ongoing fee of ACC3880.,COMMITMENT CHANGE,ONGOING FEE
Commitment change: ongoing fee adjustment for ACC1593.,COMMITMENT CHANGE,ONGOING FEE
Please process a commitment change for the ongoing fee of ACC8297.,COMMITMENT CHANGE,ONGOING FEE
Commitment change for an ongoing fee on ACC4321.,COMMITMENT CHANGE,ONGOING FEE
Commitment change: ongoing fee adjustment for ACC8893.,COMMITMENT CHANGE,ONGOING FEE
Commitment change for an ongoing fee on ACC9986.,COMMITMENT CHANGE,ONGOING FEE
Commitment change for an ongoing fee on ACC6375.,COMMITMENT CHANGE,ONGOING FEE
Commitment change: ongoing fee adjustment for ACC3830.,COMMITMENT CHANGE,ONGOING FEE
Commitment change: ongoing fee adjustment for ACC9243.,COMMITMENT CHANGE,ONGOING FEE
Commitment change for an ongoing fee on ACC5802.,COMMITMENT CHANGE,ONGOING FEE
Please process a commitment change for the ongoing fee of ACC6027.,COMMITMENT CHANGE,ONGOING FEE
Commitment change for an ongoing fee on ACC9032.,COMMITMENT CHANGE,ONGOING FEE
Commitment change for an ongoing fee on ACC7040.,COMMITMENT CHANGE,ONGOING FEE
Please process a commitment change for the ongoing fee of ACC6527.,COMMITMENT CHANGE,ONGOING FEE
Commitment change for an ongoing fee on ACC8024.,COMMITMENT CHANGE,ONGOING FEE
Commitment change for an ongoing fee on ACC7782.,COMMITMENT CHANGE,ONGOING FEE
Commitment change: ongoing fee adjustment for ACC1510.,COMMITMENT CHANGE,ONGOING FEE
Please process the fee payment for the letter of credit fee of ACC6669.,FEE PAYMENT,LETTER OF CREDIT FEE
Fee payment required for the letter of credit fee on ACC5638.,FEE PAYMENT,LETTER OF CREDIT FEE
Fee payment for letter of credit fee is due for ACC9707.,FEE PAYMENT,LETTER OF CREDIT FEE
Please process the fee payment for the letter of credit fee of ACC3002.,FEE PAYMENT,LETTER OF CREDIT FEE
Please process the fee payment for the letter of credit fee of ACC8786.,FEE PAYMENT,LETTER OF CREDIT FEE
Fee payment required for the letter of credit fee on ACC5529.,FEE PAYMENT,LETTER OF CREDIT FEE
Fee payment required for the letter of credit fee on ACC5605.,FEE PAYMENT,LETTER OF CREDIT FEE
Please process the fee payment for the letter of credit fee of ACC2704.,FEE PAYMENT,LETTER OF CREDIT FEE
Fee payment required for the letter of credit fee on ACC4220.,FEE PAYMENT,LETTER OF CREDIT FEE
Fee payment for letter of credit fee is due for ACC8392.,FEE PAYMENT,LETTER OF CREDIT FEE
Fee payment required for the letter of credit fee on ACC4415.,FEE PAYMENT,LETTER OF CREDIT FEE
Fee payment for letter of credit fee is due for ACC3529.,FEE PAYMENT,LETTER OF CREDIT FEE
Fee payment required for the letter of credit fee on ACC6464.,FEE PAYMENT,LETTER OF CREDIT FEE
Fee payment required for the letter of credit fee on ACC4302.,FEE PAYMENT,LETTER OF CREDIT FEE
Fee payment required for the letter of credit fee on ACC8327.,FEE PAYMENT,LETTER OF CREDIT FEE
Fee payment required for the letter of credit fee on ACC1749.,FEE PAYMENT,LETTER OF CREDIT FEE
Fee payment for letter of credit fee is due for ACC5690.,FEE PAYMENT,LETTER OF CREDIT FEE
Fee payment required for the letter of credit fee on ACC6566.,FEE PAYMENT,LETTER OF CREDIT FEE
Fee payment required for the letter of credit fee on ACC1518.,FEE PAYMENT,LETTER OF CREDIT FEE
Fee payment for letter of credit fee is due for ACC6059.,FEE PAYMENT,LETTER OF CREDIT FEE
Please process the fee payment for the letter of credit fee of ACC1642.,FEE PAYMENT,LETTER OF CREDIT FEE
Fee payment required for the letter of credit fee on ACC1714.,FEE PAYMENT,LETTER OF CREDIT FEE
Fee payment required for the letter of credit fee on ACC5288.,FEE PAYMENT,LETTER OF CREDIT FEE
Fee payment required for the letter of credit fee on ACC2003.,FEE PAYMENT,LETTER OF CREDIT FEE
Please process the fee payment for the letter of credit fee of ACC1912.,FEE PAYMENT,LETTER OF CREDIT FEE
Fee payment required for the letter of credit fee on ACC4261.,FEE PAYMENT,LETTER OF CREDIT FEE
Fee payment for letter of credit fee is due for ACC3000.,FEE PAYMENT,LETTER OF CREDIT FEE
Fee payment for letter of credit fee is due for ACC4073.,FEE PAYMENT,LETTER OF CREDIT FEE
Please process the fee payment for the letter of credit fee of ACC3662.,FEE PAYMENT,LETTER OF CREDIT FEE
Fee payment for letter of credit fee is due for ACC6564.,FEE PAYMENT,LETTER OF CREDIT FEE
Please process the fee payment for the letter of credit fee of ACC2690.,FEE PAYMENT,LETTER OF CREDIT FEE
Fee payment required for the letter of credit fee on ACC1981.,FEE PAYMENT,LETTER OF CREDIT FEE
Fee payment required for the letter of credit fee on ACC3778.,FEE PAYMENT,LETTER OF CREDIT FEE
Fee payment required for the letter of credit fee on ACC8975.,FEE PAYMENT,LETTER OF CREDIT FEE
Fee payment for letter of credit fee is due for ACC2725.,FEE PAYMENT,LETTER OF CREDIT FEE
Please process the fee payment for the letter of credit fee of ACC9453.,FEE PAYMENT,LETTER OF CREDIT FEE
Please process the fee payment for the letter of credit fee of ACC8857.,FEE PAYMENT,LETTER OF CREDIT FEE
Fee payment required for the letter of credit fee on ACC4730.,FEE PAYMENT,LETTER OF CREDIT FEE
Fee payment required for the letter of credit fee on ACC2362.,FEE PAYMENT,LETTER OF CREDIT FEE
Please process the fee payment for the letter of credit fee of ACC4580.,FEE PAYMENT,LETTER OF CREDIT FEE
Please handle the fee payment for the principal of ACC6864.,FEE PAYMENT,PRINCIPAL
Please handle the fee payment for the principal of ACC2751.,FEE PAYMENT,PRINCIPAL
Fee payment: principal is due for ACC4505.,FEE PAYMENT,PRINCIPAL
Fee payment for the principal amount on ACC6073.,FEE PAYMENT,PRINCIPAL
Please handle the fee payment for the principal of ACC8031.,FEE PAYMENT,PRINCIPAL
Fee payment: principal is due for ACC1031.,FEE PAYMENT,PRINCIPAL
Fee payment for the principal amount on ACC8536.,FEE PAYMENT,PRINCIPAL
Please handle the fee payment for the principal of ACC8761.,FEE PAYMENT,PRINCIPAL
Please handle the fee payment for the principal of ACC2335.,FEE PAYMENT,PRINCIPAL
Fee payment for the principal amount on ACC6898.,FEE PAYMENT,PRINCIPAL
Please handle the fee payment for the principal of ACC1869.,FEE PAYMENT,PRINCIPAL
Fee payment for the principal amount on ACC1965.,FEE PAYMENT,PRINCIPAL
Fee payment for the principal amount on ACC5209.,FEE PAYMENT,PRINCIPAL
Fee payment: principal is due for ACC9426.,FEE PAYMENT,PRINCIPAL
Fee payment: principal is due for ACC4086.,FEE PAYMENT,PRINCIPAL
Fee payment for the principal amount on ACC3819.,FEE PAYMENT,PRINCIPAL
Fee payment for the principal amount on ACC2887.,FEE PAYMENT,PRINCIPAL
Fee payment: principal is due for ACC2401.,FEE PAYMENT,PRINCIPAL
Fee payment for the principal amount on ACC5937.,FEE PAYMENT,PRINCIPAL
Please handle the fee payment for the principal of ACC4835.,FEE PAYMENT,PRINCIPAL
Please handle the fee payment for the principal of ACC7868.,FEE PAYMENT,PRINCIPAL
Fee payment for the principal amount on ACC3933.,FEE PAYMENT,PRINCIPAL
Fee payment: principal is due for ACC1654.,FEE PAYMENT,PRINCIPAL
Fee payment for the principal amount on ACC6877.,FEE PAYMENT,PRINCIPAL
Fee payment: principal is due for ACC7195.,FEE PAYMENT,PRINCIPAL
Fee payment: principal is due for ACC5748.,FEE PAYMENT,PRINCIPAL
Fee payment: principal is due for ACC4706.,FEE PAYMENT,PRINCIPAL
Fee payment for the principal amount on ACC3096.,FEE PAYMENT,PRINCIPAL
Please handle the fee payment for the principal of ACC2212.,FEE PAYMENT,PRINCIPAL
Please handle the fee payment for the principal of ACC1856.,FEE PAYMENT,PRINCIPAL
Fee payment: principal is due for ACC8895.,FEE PAYMENT,PRINCIPAL
Fee payment: principal is due for ACC2227.,FEE PAYMENT,PRINCIPAL
Fee payment for the principal amount on ACC6800.,FEE PAYMENT,PRINCIPAL
Please handle the fee payment for the principal of ACC3339.,FEE PAYMENT,PRINCIPAL
Fee payment for the principal amount on ACC7917.,FEE PAYMENT,PRINCIPAL
Please handle the fee payment for the principal of ACC4537.,FEE PAYMENT,PRINCIPAL
Please handle the fee payment for the principal of ACC1217.,FEE PAYMENT,PRINCIPAL
Fee payment: principal is due for ACC1241.,FEE PAYMENT,PRINCIPAL
Fee payment: principal is due for ACC3306.,FEE PAYMENT,PRINCIPAL
Fee payment for the principal amount on ACC2938.,FEE PAYMENT,PRINCIPAL
Please process the fee payment for interest on ACC5738.,FEE PAYMENT,INTEREST
Fee payment for the interest on ACC3491.,FEE PAYMENT,INTEREST
Fee payment for the interest on ACC8399.,FEE PAYMENT,INTEREST
Please process the fee payment for interest on ACC1334.,FEE PAYMENT,INTEREST
Please process the fee payment for interest on ACC8998.,FEE PAYMENT,INTEREST
Fee payment for interest is required for ACC3116.,FEE PAYMENT,INTEREST
Fee payment for interest is required for ACC9141.,FEE PAYMENT,INTEREST
Please process the fee payment for interest on ACC6686.,FEE PAYMENT,INTEREST
Fee payment for the interest on ACC1810.,FEE PAYMENT,INTEREST
Please process the fee payment for interest on ACC2434.,FEE PAYMENT,INTEREST
Please process the fee payment for interest on ACC4753.,FEE PAYMENT,INTEREST
Fee payment for interest is required for ACC7418.,FEE PAYMENT,INTEREST
Fee payment for interest is required for ACC2991.,FEE PAYMENT,INTEREST
Fee payment for interest is required for ACC4363.,FEE PAYMENT,INTEREST
Fee payment for the interest on ACC5286.,FEE PAYMENT,INTEREST
Please process the fee payment for interest on ACC8878.,FEE PAYMENT,INTEREST
Fee payment for the interest on ACC2733.,FEE PAYMENT,INTEREST
Fee payment for the interest on ACC4435.,FEE PAYMENT,INTEREST
Fee payment for interest is required for ACC3614.,FEE PAYMENT,INTEREST
Please process the fee payment for interest on ACC2318.,FEE PAYMENT,INTEREST
Please process the fee payment for interest on ACC4431.,FEE PAYMENT,INTEREST
Fee payment for interest is required for ACC9189.,FEE PAYMENT,INTEREST
Please process the fee payment for interest on ACC2030.,FEE PAYMENT,INTEREST
Fee payment for interest is required for ACC9032.,FEE PAYMENT,INTEREST
Fee payment for interest is required for ACC7402.,FEE PAYMENT,INTEREST
Fee payment for interest is required for ACC1868.,FEE PAYMENT,INTEREST
Fee payment for the interest on ACC2726.,FEE PAYMENT,INTEREST
Please process the fee payment for interest on ACC2669.,FEE PAYMENT,INTEREST
Fee payment for the interest on ACC3386.,FEE PAYMENT,INTEREST
Fee payment for interest is required for ACC1651.,FEE PAYMENT,INTEREST
Fee payment for the interest on ACC5227.,FEE PAYMENT,INTEREST
Fee payment for the interest on ACC8834.,FEE PAYMENT,INTEREST
Fee payment for the interest on ACC6148.,FEE PAYMENT,INTEREST
Fee payment for the interest on ACC3520.,FEE PAYMENT,INTEREST
Fee payment for the interest on ACC3212.,FEE PAYMENT,INTEREST
Please process the fee payment for interest on ACC8895.,FEE PAYMENT,INTEREST
Fee payment for interest is required for ACC3472.,FEE PAYMENT,INTEREST
Fee payment for interest is required for ACC7067.,FEE PAYMENT,INTEREST
Please process the fee payment for interest on ACC2487.,FEE PAYMENT,INTEREST
Please process the fee payment for interest on ACC3044.,FEE PAYMENT,INTEREST
Fee payment: principal + interest is due for ACC2295.,FEE PAYMENT,PRINCIPAL + INTEREST
Fee payment for principal + interest on ACC5282.,FEE PAYMENT,PRINCIPAL + INTEREST
Please process the fee payment for principal + interest of ACC2441.,FEE PAYMENT,PRINCIPAL + INTEREST
Fee payment for principal + interest on ACC6522.,FEE PAYMENT,PRINCIPAL + INTEREST
Fee payment: principal + interest is due for ACC6259.,FEE PAYMENT,PRINCIPAL + INTEREST
Fee payment for principal + interest on ACC5913.,FEE PAYMENT,PRINCIPAL + INTEREST
Please process the fee payment for principal + interest of ACC4911.,FEE PAYMENT,PRINCIPAL + INTEREST
Please process the fee payment for principal + interest of ACC7999.,FEE PAYMENT,PRINCIPAL + INTEREST
Fee payment for principal + interest on ACC7799.,FEE PAYMENT,PRINCIPAL + INTEREST
Fee payment: principal + interest is due for ACC8255.,FEE PAYMENT,PRINCIPAL + INTEREST
Fee payment for principal + interest on ACC4299.,FEE PAYMENT,PRINCIPAL + INTEREST
Please process the fee payment for principal + interest of ACC1453.,FEE PAYMENT,PRINCIPAL + INTEREST
Fee payment for principal + interest on ACC4058.,FEE PAYMENT,PRINCIPAL + INTEREST
Fee payment: principal + interest is due for ACC3957.,FEE PAYMENT,PRINCIPAL + INTEREST
Please process the fee payment for principal + interest of ACC3942.,FEE PAYMENT,PRINCIPAL + INTEREST
Please process the fee payment for principal + interest of ACC9353.,FEE PAYMENT,PRINCIPAL + INTEREST
Please process the fee payment for principal + interest of ACC2785.,FEE PAYMENT,PRINCIPAL + INTEREST
Fee payment for principal + interest on ACC7510.,FEE PAYMENT,PRINCIPAL + INTEREST
Please process the fee payment for principal + interest of ACC8309.,FEE PAYMENT,PRINCIPAL + INTEREST
Fee payment for principal + interest on ACC6568.,FEE PAYMENT,PRINCIPAL + INTEREST
Please process the fee payment for principal + interest of ACC4660.,FEE PAYMENT,PRINCIPAL + INTEREST
Fee payment for principal + interest on ACC2388.,FEE PAYMENT,PRINCIPAL + INTEREST
Fee payment: principal + interest is due for ACC7085.,FEE PAYMENT,PRINCIPAL + INTEREST
Fee payment: principal + interest is due for ACC6622.,FEE PAYMENT,PRINCIPAL + INTEREST
Fee payment: principal + interest is due for ACC2620.,FEE PAYMENT,PRINCIPAL + INTEREST
Please process the fee payment for principal + interest of ACC9965.,FEE PAYMENT,PRINCIPAL + INTEREST
Fee payment: principal + interest is due for ACC8456.,FEE PAYMENT,PRINCIPAL + INTEREST
Fee payment for principal + interest on ACC9599.,FEE PAYMENT,PRINCIPAL + INTEREST
Fee payment: principal + interest is due for ACC3998.,FEE PAYMENT,PRINCIPAL + INTEREST
Fee payment for principal + interest on ACC3649.,FEE PAYMENT,PRINCIPAL + INTEREST
Please process the fee payment for principal + interest of ACC2132.,FEE PAYMENT,PRINCIPAL + INTEREST
Fee payment: principal + interest is due for ACC4751.,FEE PAYMENT,PRINCIPAL + INTEREST
Fee payment for principal + interest on ACC4629.,FEE PAYMENT,PRINCIPAL + INTEREST
Please process the fee payment for principal + interest of ACC7504.,FEE PAYMENT,PRINCIPAL + INTEREST
Fee payment: principal + interest is due for ACC3554.,FEE PAYMENT,PRINCIPAL + INTEREST
Please process the fee payment for principal + interest of ACC9443.,FEE PAYMENT,PRINCIPAL + INTEREST
Fee payment for principal + interest on ACC7193.,FEE PAYMENT,PRINCIPAL + INTEREST
Please process the fee payment for principal + interest of ACC3278.,FEE PAYMENT,PRINCIPAL + INTEREST
Please process the fee payment for principal + interest of ACC5338.,FEE PAYMENT,PRINCIPAL + INTEREST
Please process the fee payment for principal + interest of ACC3301.,FEE PAYMENT,PRINCIPAL + INTEREST
Money movement - inbound: principal+interest+fee for ACC3011.,MONEY MOVEMENT - INBOUND,PRINCIPAL+INTEREST+FEE
Money movement - inbound for principal+interest+fee on ACC9098.,MONEY MOVEMENT - INBOUND,PRINCIPAL+INTEREST+FEE
Please process the money movement - inbound for principal+interest+fee of ACC8608.,MONEY MOVEMENT - INBOUND,PRINCIPAL+INTEREST+FEE
Please process the money movement - inbound for principal+interest+fee of ACC8900.,MONEY MOVEMENT - INBOUND,PRINCIPAL+INTEREST+FEE
Please process the money movement - inbound for principal+interest+fee of ACC7122.,MONEY MOVEMENT - INBOUND,PRINCIPAL+INTEREST+FEE
Money movement - inbound for principal+interest+fee on ACC6775.,MONEY MOVEMENT - INBOUND,PRINCIPAL+INTEREST+FEE
Please process the money movement - inbound for principal+interest+fee of ACC6915.,MONEY MOVEMENT - INBOUND,PRINCIPAL+INTEREST+FEE
Money movement - inbound for principal+interest+fee on ACC1829.,MONEY MOVEMENT - INBOUND,PRINCIPAL+INTEREST+FEE
Money movement - inbound for principal+interest+fee on ACC8462.,MONEY MOVEMENT - INBOUND,PRINCIPAL+INTEREST+FEE
Money movement - inbound: principal+interest+fee for ACC1509.,MONEY MOVEMENT - INBOUND,PRINCIPAL+INTEREST+FEE
Money movement - inbound: principal+interest+fee for ACC1130.,MONEY MOVEMENT - INBOUND,PRINCIPAL+INTEREST+FEE
Money movement - inbound for principal+interest+fee on ACC4783.,MONEY MOVEMENT - INBOUND,PRINCIPAL+INTEREST+FEE
Please process the money movement - inbound for principal+interest+fee of ACC5014.,MONEY MOVEMENT - INBOUND,PRINCIPAL+INTEREST+FEE
Money movement - inbound for principal+interest+fee on ACC6199.,MONEY MOVEMENT - INBOUND,PRINCIPAL+INTEREST+FEE
Money movement - inbound: principal+interest+fee for ACC7897.,MONEY MOVEMENT - INBOUND,PRINCIPAL+INTEREST+FEE
Money movement - inbound for principal+interest+fee on ACC9054.,MONEY MOVEMENT - INBOUND,PRINCIPAL+INTEREST+FEE
Money movement - inbound: principal+interest+fee for ACC7793.,MONEY MOVEMENT - INBOUND,PRINCIPAL+INTEREST+FEE
Money movement - inbound: principal+interest+fee for ACC6212.,MONEY MOVEMENT - INBOUND,PRINCIPAL+INTEREST+FEE
Money movement - inbound: principal+interest+fee for ACC4468.,MONEY MOVEMENT - INBOUND,PRINCIPAL+INTEREST+FEE
Please process the money movement - inbound for principal+interest+fee of ACC2615.,MONEY MOVEMENT - INBOUND,PRINCIPAL+INTEREST+FEE
Money movement - inbound for principal+interest+fee on ACC8625.,MONEY MOVEMENT - INBOUND,PRINCIPAL+INTEREST+FEE
Money movement - inbound: principal+interest+fee for ACC3790.,MONEY MOVEMENT - INBOUND,PRINCIPAL+INTEREST+FEE
Money movement - inbound: principal+interest+fee for ACC2857.,MONEY MOVEMENT - INBOUND,PRINCIPAL+INTEREST+FEE
Money movement - inbound: principal+interest+fee for ACC1262.,MONEY MOVEMENT - INBOUND,PRINCIPAL+INTEREST+FEE
Money movement - inbound: principal+interest+fee for ACC6831.,MONEY MOVEMENT - INBOUND,PRINCIPAL+INTEREST+FEE
Money movement - inbound for principal+interest+fee on ACC3152.,MONEY MOVEMENT - INBOUND,PRINCIPAL+INTEREST+FEE
Please process the money movement - inbound for principal+interest+fee of ACC5650.,MONEY MOVEMENT - INBOUND,PRINCIPAL+INTEREST+FEE
Please process the money movement - inbound for principal+interest+fee of ACC9701.,MONEY MOVEMENT - INBOUND,PRINCIPAL+INTEREST+FEE
Money movement - inbound: principal+interest+fee for ACC6352.,MONEY MOVEMENT - INBOUND,PRINCIPAL+INTEREST+FEE
Money movement - inbound: principal+interest+fee for ACC8424.,MONEY MOVEMENT - INBOUND,PRINCIPAL+INTEREST+FEE
Money movement - inbound for principal+interest+fee on ACC6552.,MONEY MOVEMENT - INBOUND,PRINCIPAL+INTEREST+FEE
Money movement - inbound: principal+interest+fee for ACC5414.,MONEY MOVEMENT - INBOUND,PRINCIPAL+INTEREST+FEE
Money movement - inbound: principal+interest+fee for ACC2077.,MONEY MOVEMENT - INBOUND,PRINCIPAL+INTEREST+FEE
Please process the money movement - inbound for principal+interest+fee of ACC5836.,MONEY MOVEMENT - INBOUND,PRINCIPAL+INTEREST+FEE
Money movement - inbound: principal+interest+fee for ACC4145.,MONEY MOVEMENT - INBOUND,PRINCIPAL+INTEREST+FEE
Money movement - inbound: principal+interest+fee for ACC4155.,MONEY MOVEMENT - INBOUND,PRINCIPAL+INTEREST+FEE
Money movement - inbound: principal+interest+fee for ACC6813.,MONEY MOVEMENT - INBOUND,PRINCIPAL+INTEREST+FEE
Money movement - inbound for principal+interest+fee on ACC6978.,MONEY MOVEMENT - INBOUND,PRINCIPAL+INTEREST+FEE
Please process the money movement - inbound for principal+interest+fee of ACC3968.,MONEY MOVEMENT - INBOUND,PRINCIPAL+INTEREST+FEE
Money movement - inbound for principal+interest+fee on ACC6619.,MONEY MOVEMENT - INBOUND,PRINCIPAL+INTEREST+FEE
Please handle the money movement - inbound with timebound for ACC3441.,MONEY MOVEMENT - INBOUND,TIMEBOUND
Money movement - inbound with timebound processing for ACC4077.,MONEY MOVEMENT - INBOUND,TIMEBOUND
Please handle the money movement - inbound with timebound for ACC2072.,MONEY MOVEMENT - INBOUND,TIMEBOUND
Money movement - inbound: timebound transaction for ACC2072.,MONEY MOVEMENT - INBOUND,TIMEBOUND
Money movement - inbound with timebound processing for ACC1336.,MONEY MOVEMENT - INBOUND,TIMEBOUND
Money movement - inbound with timebound processing for ACC1486.,MONEY MOVEMENT - INBOUND,TIMEBOUND
Please handle the money movement - inbound with timebound for ACC8673.,MONEY MOVEMENT - INBOUND,TIMEBOUND
Please handle the money movement - inbound with timebound for ACC1873.,MONEY MOVEMENT - INBOUND,TIMEBOUND
Money movement - inbound: timebound transaction for ACC6989.,MONEY MOVEMENT - INBOUND,TIMEBOUND
Money movement - inbound: timebound transaction for ACC9333.,MONEY MOVEMENT - INBOUND,TIMEBOUND
Money movement - inbound: timebound transaction for ACC4765.,MONEY MOVEMENT - INBOUND,TIMEBOUND
Please handle the money movement - inbound with timebound for ACC6203.,MONEY MOVEMENT - INBOUND,TIMEBOUND
Please handle the money movement - inbound with timebound for ACC1155.,MONEY MOVEMENT - INBOUND,TIMEBOUND
Money movement - inbound: timebound transaction for ACC5716.,MONEY MOVEMENT - INBOUND,TIMEBOUND
Please handle the money movement - inbound with timebound for ACC9192.,MONEY MOVEMENT - INBOUND,TIMEBOUND
Please handle the money movement - inbound with timebound for ACC4270.,MONEY MOVEMENT - INBOUND,TIMEBOUND
Money movement - inbound with timebound processing for ACC2931.,MONEY MOVEMENT - INBOUND,TIMEBOUND
Please handle the money movement - inbound with timebound for ACC1474.,MONEY MOVEMENT - INBOUND,TIMEBOUND
Please handle the money movement - inbound with timebound for ACC1442.,MONEY MOVEMENT - INBOUND,TIMEBOUND
Money movement - inbound with timebound processing for ACC5671.,MONEY MOVEMENT - INBOUND,TIMEBOUND
Money movement - inbound with timebound processing for ACC2720.,MONEY MOVEMENT - INBOUND,TIMEBOUND
Money movement - inbound with timebound processing for ACC7349.,MONEY MOVEMENT - INBOUND,TIMEBOUND
Please handle the money movement - inbound with timebound for ACC4761.,MONEY MOVEMENT - INBOUND,TIMEBOUND
Money movement - inbound: timebound transaction for ACC4593.,MONEY MOVEMENT - INBOUND,TIMEBOUND
Money movement - inbound: timebound transaction for ACC7688.,MONEY MOVEMENT - INBOUND,TIMEBOUND
Money movement - inbound with timebound processing for ACC9669.,MONEY MOVEMENT - INBOUND,TIMEBOUND
Money movement - inbound: timebound transaction for ACC4307.,MONEY MOVEMENT - INBOUND,TIMEBOUND
Money movement - inbound with timebound processing for ACC6947.,MONEY MOVEMENT - INBOUND,TIMEBOUND
Please handle the money movement - inbound with timebound for ACC9501.,MONEY MOVEMENT - INBOUND,TIMEBOUND
Please handle the money movement - inbound with timebound for ACC4872.,MONEY MOVEMENT - INBOUND,TIMEBOUND
Money movement - inbound with timebound processing for ACC9460.,MONEY MOVEMENT - INBOUND,TIMEBOUND
Money movement - inbound with timebound processing for ACC6602.,MONEY MOVEMENT - INBOUND,TIMEBOUND
Money movement - inbound with timebound processing for ACC4845.,MONEY MOVEMENT - INBOUND,TIMEBOUND
Please handle the money movement - inbound with timebound for ACC4352.,MONEY MOVEMENT - INBOUND,TIMEBOUND
Money movement - inbound: timebound transaction for ACC8325.,MONEY MOVEMENT - INBOUND,TIMEBOUND
Money movement - inbound with timebound processing for ACC1161.,MONEY MOVEMENT - INBOUND,TIMEBOUND
Money movement - inbound with timebound processing for ACC4092.,MONEY MOVEMENT - INBOUND,TIMEBOUND
Please handle the money movement - inbound with timebound for ACC9492.,MONEY MOVEMENT - INBOUND,TIMEBOUND
Money movement - inbound: timebound transaction for ACC9067.,MONEY MOVEMENT - INBOUND,TIMEBOUND
Money movement - inbound with timebound processing for ACC8220.,MONEY MOVEMENT - INBOUND,TIMEBOUND
Please process the money movement - outbound in foreign currency for ACC4657.,MONEY MOVEMENT - OUTBOUND,FOREIGN CURRENCY
Please process the money movement - outbound in foreign currency for ACC3890.,MONEY MOVEMENT - OUTBOUND,FOREIGN CURRENCY
Money movement - outbound: foreign currency transaction for ACC3423.,MONEY MOVEMENT - OUTBOUND,FOREIGN CURRENCY
Money movement - outbound in foreign currency for ACC4541.,MONEY MOVEMENT - OUTBOUND,FOREIGN CURRENCY
Money movement - outbound in foreign currency for ACC1841.,MONEY MOVEMENT - OUTBOUND,FOREIGN CURRENCY
Money movement - outbound: foreign currency transaction for ACC9333.,MONEY MOVEMENT - OUTBOUND,FOREIGN CURRENCY
Money movement - outbound in foreign currency for ACC6335.,MONEY MOVEMENT - OUTBOUND,FOREIGN CURRENCY
Money movement - outbound in foreign currency for ACC4432.,MONEY MOVEMENT - OUTBOUND,FOREIGN CURRENCY
Money movement - outbound: foreign currency transaction for ACC8710.,MONEY MOVEMENT - OUTBOUND,FOREIGN CURRENCY
Money movement - outbound: foreign currency transaction for ACC4523.,MONEY MOVEMENT - OUTBOUND,FOREIGN CURRENCY
Please process the money movement - outbound in foreign currency for ACC8958.,MONEY MOVEMENT - OUTBOUND,FOREIGN CURRENCY
Please process the money movement - outbound in foreign currency for ACC9117.,MONEY MOVEMENT - OUTBOUND,FOREIGN CURRENCY
Money movement - outbound in foreign currency for ACC6829.,MONEY MOVEMENT - OUTBOUND,FOREIGN CURRENCY
Money movement - outbound in foreign currency for ACC8624.,MONEY MOVEMENT - OUTBOUND,FOREIGN CURRENCY
Please process the money movement - outbound in foreign currency for ACC9133.,MONEY MOVEMENT - OUTBOUND,FOREIGN CURRENCY
Money movement - outbound: foreign currency transaction for ACC5717.,MONEY MOVEMENT - OUTBOUND,FOREIGN CURRENCY
Money movement - outbound in foreign currency for ACC2827.,MONEY MOVEMENT - OUTBOUND,FOREIGN CURRENCY
Please process the money movement - outbound in foreign currency for ACC7798.,MONEY MOVEMENT - OUTBOUND,FOREIGN CURRENCY
Money movement - outbound in foreign currency for ACC7603.,MONEY MOVEMENT - OUTBOUND,FOREIGN CURRENCY
Please process the money movement - outbound in foreign currency for ACC4267.,MONEY MOVEMENT - OUTBOUND,FOREIGN CURRENCY
Please process the money movement - outbound in foreign currency for ACC9277.,MONEY MOVEMENT - OUTBOUND,FOREIGN CURRENCY
Money movement - outbound in foreign currency for ACC9357.,MONEY MOVEMENT - OUTBOUND,FOREIGN CURRENCY
Money movement - outbound in foreign currency for ACC3741.,MONEY MOVEMENT - OUTBOUND,FOREIGN CURRENCY
Money movement - outbound in foreign currency for ACC5280.,MONEY MOVEMENT - OUTBOUND,FOREIGN CURRENCY
Please process the money movement - outbound in foreign currency for ACC2909.,MONEY MOVEMENT - OUTBOUND,FOREIGN CURRENCY
Money movement - outbound: foreign currency transaction for ACC4674.,MONEY MOVEMENT - OUTBOUND,FOREIGN CURRENCY
Please process the money movement - outbound in foreign currency for ACC8571.,MONEY MOVEMENT - OUTBOUND,FOREIGN CURRENCY
Money movement - outbound: foreign currency transaction for ACC2956.,MONEY MOVEMENT - OUTBOUND,FOREIGN CURRENCY
Please process the money movement - outbound in foreign currency for ACC9285.,MONEY MOVEMENT - OUTBOUND,FOREIGN CURRENCY
Money movement - outbound: foreign currency transaction for ACC7729.,MONEY MOVEMENT - OUTBOUND,FOREIGN CURRENCY
Money movement - outbound in foreign currency for ACC9468.,MONEY MOVEMENT - OUTBOUND,FOREIGN CURRENCY
Please process the money movement - outbound in foreign currency for ACC4112.,MONEY MOVEMENT - OUTBOUND,FOREIGN CURRENCY
Money movement - outbound in foreign currency for ACC1982.,MONEY MOVEMENT - OUTBOUND,FOREIGN CURRENCY
Money movement - outbound in foreign currency for ACC7192.,MONEY MOVEMENT - OUTBOUND,FOREIGN CURRENCY
Money movement - outbound: foreign currency transaction for ACC6242.,MONEY MOVEMENT - OUTBOUND,FOREIGN CURRENCY
Money movement - outbound in foreign currency for ACC5560.,MONEY MOVEMENT - OUTBOUND,FOREIGN CURRENCY
Money movement - outbound: foreign currency transaction for ACC2589.,MONEY MOVEMENT - OUTBOUND,FOREIGN CURRENCY
Money movement - outbound in foreign currency for ACC9231.,MONEY MOVEMENT - OUTBOUND,FOREIGN CURRENCY
Please process the money movement - outbound in foreign currency for ACC7947.,MONEY MOVEMENT - OUTBOUND,FOREIGN CURRENCY
Please process the money movement - outbound in foreign currency for ACC1806.,MONEY MOVEMENT - OUTBOUND,FOREIGN CURRENCY
